Question,
What is the total hot metal production for 5 Nov 2024 ?
What is the total hot metal production for last week ?
What is the total hot metal production for last two week ?
What is the total hot metal production for last month ?
What is the total hot metal production for the month of Sep 2024 ?
What is the total hot metal production for the last three months ?
Which month has the highest hot metal production ?
Which week has the highest hot metal production ?
What is the highest hot metal production day for the month of July 2024?
Which day has the highest hot metal production for the month of August 2024?
What is the month wise hot metal production for the last 6 month ?
Can you provide the monthly hot metal production data for the past 6 months from May to October 2024?
What is the total hot metal production for November 1 to November 5 2024?
What was the total hot metal production for the last two quarters (April to September 2024)?
Which month had the lowest hot metal production in 2024?
How much hot metal was produced in the past three months from August to October 2024?
What is the total hot metal production for October 2024?
What is the total hot metal production for the month of August 2024?
What is the total hot metal production for the last quarter from July to September 2024?
Which month had the highest hot metal production in 2024?
Which week recorded the highest hot metal production in October 2024?
What was the highest hot metal production day in September 2024?
Which day had the highest hot metal production in the month of October 2024?
What was the productivity of BF?
What is the total hot molten iron for the month of Nov 2024 ?
List all the employees.
Show the highest-paid employees in each department.
List all employees with their full names and job titles.

